dataset,model,partition name,mean,std,count
mb-atmospheric_dust_cls_edr,InceptionV3,0.01,0.9243794746440248,0.010399654985866378,7
mb-atmospheric_dust_cls_edr,InceptionV3,0.02,0.8940873808598677,0.027188979674620268,7
mb-atmospheric_dust_cls_edr,InceptionV3,0.05,0.954806348986243,0.01040109796921004,7
mb-atmospheric_dust_cls_edr,InceptionV3,0.1,0.9537094986830433,0.013973380130790903,7
mb-atmospheric_dust_cls_edr,InceptionV3,0.2,0.953203736272519,0.014378390493400763,7
mb-atmospheric_dust_cls_edr,InceptionV3,0.25,0.9543646924599304,0.004437210738167471,7
mb-atmospheric_dust_cls_edr,InceptionV3,0.5,0.9490327268105048,0.009507411260278466,7
mb-atmospheric_dust_cls_edr,InceptionV3,1.0,0.9400495802612204,0.008311269537190979,7
mb-atmospheric_dust_cls_edr,ResNet101,0.01,0.2353384787247221,0.3101692544336976,7
mb-atmospheric_dust_cls_edr,ResNet101,0.02,0.7325157219337114,0.3068851019490214,7
mb-atmospheric_dust_cls_edr,ResNet101,0.05,0.9376852286905196,0.006230850185302949,7
mb-atmospheric_dust_cls_edr,ResNet101,0.1,0.9335167985961637,0.0073264543203277405,7
mb-atmospheric_dust_cls_edr,ResNet101,0.2,0.9247885623546999,0.005510987941253169,7
mb-atmospheric_dust_cls_edr,ResNet101,0.25,0.926531286319646,0.009341489642899787,7
mb-atmospheric_dust_cls_edr,ResNet101,0.5,0.9295608052221809,0.011731899264679956,7
mb-atmospheric_dust_cls_edr,ResNet101,1.0,0.9330458060616792,0.00951854469790516,7
mb-atmospheric_dust_cls_edr,SqueezeNet1.1,0.01,0.9740296539238338,0.016532275955984558,7
mb-atmospheric_dust_cls_edr,SqueezeNet1.1,0.02,0.9402489481854561,0.024257570859489146,7
mb-atmospheric_dust_cls_edr,SqueezeNet1.1,0.05,0.9727817902421076,0.00873565059641419,7
mb-atmospheric_dust_cls_edr,SqueezeNet1.1,0.1,0.947318135148823,0.013860573151742519,7
mb-atmospheric_dust_cls_edr,SqueezeNet1.1,0.2,0.9479207442170406,0.0044074131826101854,7
mb-atmospheric_dust_cls_edr,SqueezeNet1.1,0.25,0.9403074482439562,0.00813335091043352,7
mb-atmospheric_dust_cls_edr,SqueezeNet1.1,0.5,0.948664014801581,0.010980739305737664,7
mb-atmospheric_dust_cls_edr,SqueezeNet1.1,1.0,0.9583841382783181,0.006838172046267507,7
mb-atmospheric_dust_cls_edr,SwinV2-B,0.01,0.9428734375824324,0.01895267062656752,7
mb-atmospheric_dust_cls_edr,SwinV2-B,0.02,0.9213371964694718,0.011263059955498379,7
mb-atmospheric_dust_cls_edr,SwinV2-B,0.05,0.9240673367657495,0.007548804895443994,7
mb-atmospheric_dust_cls_edr,SwinV2-B,0.1,0.9356175731837109,0.0054659648263313985,7
mb-atmospheric_dust_cls_edr,SwinV2-B,0.2,0.9390709681714975,0.002924029307014285,7
mb-atmospheric_dust_cls_edr,SwinV2-B,0.25,0.9440494228854018,0.00571896147219602,7
mb-atmospheric_dust_cls_edr,SwinV2-B,0.5,0.9461566286963111,0.002116495513603893,7
mb-atmospheric_dust_cls_edr,SwinV2-B,1.0,0.9612029744304874,0.007426291356323574,7
mb-atmospheric_dust_cls_edr,ViT-L/16,0.01,0.950073793989138,0.006790735870219027,7
mb-atmospheric_dust_cls_edr,ViT-L/16,0.02,0.9161843077186994,0.005537250229219407,7
mb-atmospheric_dust_cls_edr,ViT-L/16,0.05,0.9276700255536239,0.004212475269169709,7
mb-atmospheric_dust_cls_edr,ViT-L/16,0.1,0.9353149273784196,0.0025078943709095896,7
mb-atmospheric_dust_cls_edr,ViT-L/16,0.2,0.9150433674243198,0.009576199894435542,7
mb-atmospheric_dust_cls_edr,ViT-L/16,0.25,0.9114852501095887,0.004327190148390419,7
mb-atmospheric_dust_cls_edr,ViT-L/16,0.5,0.9196773905768615,0.004321079849699207,7
mb-atmospheric_dust_cls_edr,ViT-L/16,1.0,0.9268511623008975,0.005879810423633327,7
mb-atmospheric_dust_cls_rdr,InceptionV3,0.01,0.7412689987016868,0.01452993746143185,7
mb-atmospheric_dust_cls_rdr,InceptionV3,0.02,0.5969045943069661,0.13138043497292473,7
mb-atmospheric_dust_cls_rdr,InceptionV3,0.05,0.8205814175570746,0.025908723244756116,7
mb-atmospheric_dust_cls_rdr,InceptionV3,0.1,0.8082280077347768,0.02745903468388456,7
mb-atmospheric_dust_cls_rdr,InceptionV3,0.2,0.8369344486947042,0.019282162592802757,7
mb-atmospheric_dust_cls_rdr,InceptionV3,0.25,0.8159079706764304,0.028950598493976454,7
mb-atmospheric_dust_cls_rdr,InceptionV3,0.5,0.8345954585628785,0.019735356998271725,7
mb-atmospheric_dust_cls_rdr,InceptionV3,1.0,0.8372096898059177,0.022979695913017576,7
mb-atmospheric_dust_cls_rdr,ResNet101,0.01,0.39509121755363613,0.0572466363185617,7
mb-atmospheric_dust_cls_rdr,ResNet101,0.02,0.3608771283644474,0.2389724451469601,7
mb-atmospheric_dust_cls_rdr,ResNet101,0.05,0.7803802601667302,0.01698535637938966,7
mb-atmospheric_dust_cls_rdr,ResNet101,0.1,0.7995400441374888,0.011947222991851575,7
mb-atmospheric_dust_cls_rdr,ResNet101,0.2,0.8332632327095018,0.021065734211116974,7
mb-atmospheric_dust_cls_rdr,ResNet101,0.25,0.8421759225787676,0.014962148354439285,7
mb-atmospheric_dust_cls_rdr,ResNet101,0.5,0.8755326136283627,0.013055436202581035,7
mb-atmospheric_dust_cls_rdr,ResNet101,1.0,0.8861520338875685,0.014800601849525327,7
mb-atmospheric_dust_cls_rdr,SqueezeNet1.1,0.01,0.6909579850772812,0.012996894162327896,7
mb-atmospheric_dust_cls_rdr,SqueezeNet1.1,0.02,0.6628401185320695,0.028415376053136366,7
mb-atmospheric_dust_cls_rdr,SqueezeNet1.1,0.05,0.763022172128668,0.010812353842301442,7
mb-atmospheric_dust_cls_rdr,SqueezeNet1.1,0.1,0.8139884656606252,0.009114658444041837,7
mb-atmospheric_dust_cls_rdr,SqueezeNet1.1,0.2,0.8279851385107478,0.0049343799065459095,7
mb-atmospheric_dust_cls_rdr,SqueezeNet1.1,0.25,0.8387895443467309,0.005969810861847283,7
mb-atmospheric_dust_cls_rdr,SqueezeNet1.1,0.5,0.8421762169542879,0.00709302291817231,7
mb-atmospheric_dust_cls_rdr,SqueezeNet1.1,1.0,0.8495652191319605,0.006696706996495971,7
mb-atmospheric_dust_cls_rdr,SwinV2-B,0.01,0.9515590363040382,0.008594642297381263,7
mb-atmospheric_dust_cls_rdr,SwinV2-B,0.02,0.9398865759346371,0.01967151664763396,7
mb-atmospheric_dust_cls_rdr,SwinV2-B,0.05,0.9494165712693741,0.010938465376176354,7
mb-atmospheric_dust_cls_rdr,SwinV2-B,0.1,0.9534018859344321,0.011815421414721422,7
mb-atmospheric_dust_cls_rdr,SwinV2-B,0.2,0.9770782146336664,0.009365861777225794,7
mb-atmospheric_dust_cls_rdr,SwinV2-B,0.25,0.9791654548207768,0.011375685662760484,7
mb-atmospheric_dust_cls_rdr,SwinV2-B,0.5,0.9886351031739106,0.013888642485900968,7
mb-atmospheric_dust_cls_rdr,SwinV2-B,1.0,0.9840880611415609,0.010190328592901055,7
mb-atmospheric_dust_cls_rdr,ViT-L/16,0.01,0.8997681969405205,0.009283505242053515,7
mb-atmospheric_dust_cls_rdr,ViT-L/16,0.02,0.8207808864094368,0.02573050019825795,7
mb-atmospheric_dust_cls_rdr,ViT-L/16,0.05,0.8863387268423618,0.020016007340487727,7
mb-atmospheric_dust_cls_rdr,ViT-L/16,0.1,0.9090580407260297,0.01903095841830518,7
mb-atmospheric_dust_cls_rdr,ViT-L/16,0.2,0.9266866598669855,0.013264695839467665,7
mb-atmospheric_dust_cls_rdr,ViT-L/16,0.25,0.9420306894722138,0.015011952225788721,7
mb-atmospheric_dust_cls_rdr,ViT-L/16,0.5,0.9082204834964848,0.023667448653586453,7
mb-atmospheric_dust_cls_rdr,ViT-L/16,1.0,0.9303796007655655,0.01932636810189599,7
mb-change_cls_ctx,InceptionV3,0.1,0.7164008619000446,0.14695056244508165,7
mb-change_cls_ctx,InceptionV3,0.2,0.7431001088001826,0.1366380116568946,7
mb-change_cls_ctx,InceptionV3,0.25,0.6256559738742714,0.17535136365907272,7
mb-change_cls_ctx,InceptionV3,0.5,0.6744698061055843,0.027336134969632126,7
mb-change_cls_ctx,InceptionV3,1.0,0.6904762077721812,0.0,7
mb-change_cls_ctx,ResNet101,0.05,0.6904762077721812,0.0,7
mb-change_cls_ctx,ResNet101,0.1,0.6657322456353842,0.06546637026436326,7
mb-change_cls_ctx,ResNet101,0.2,0.45375034306074946,0.3395890527723813,7
mb-change_cls_ctx,ResNet101,0.25,0.5803412429712197,0.24682555792178107,7
mb-change_cls_ctx,ResNet101,0.5,0.770908376146831,0.1003165389777512,7
mb-change_cls_ctx,ResNet101,1.0,0.6904762077721812,0.0,7
mb-change_cls_ctx,SqueezeNet1.1,0.05,0.6904762077721812,0.0,7
mb-change_cls_ctx,SqueezeNet1.1,0.1,0.7040016025833997,0.08205668536634689,7
mb-change_cls_ctx,SqueezeNet1.1,0.2,0.6851536194107763,0.14486278123552812,7
mb-change_cls_ctx,SqueezeNet1.1,0.25,0.6749012950785127,0.1302991418616854,7
mb-change_cls_ctx,SqueezeNet1.1,0.5,0.7172869305637312,0.07093450497633248,7
mb-change_cls_ctx,SqueezeNet1.1,1.0,0.6904762077721812,0.0,7
mb-change_cls_ctx,SwinV2-B,0.05,0.6904762077721812,0.0,7
mb-change_cls_ctx,SwinV2-B,0.1,0.6424570027723904,0.02117447909741268,7
mb-change_cls_ctx,SwinV2-B,0.2,0.5556508565912207,0.056571062151286815,7
mb-change_cls_ctx,SwinV2-B,0.25,0.673469378631942,0.11878880985271016,7
mb-change_cls_ctx,SwinV2-B,0.5,0.6904762077721812,0.0,7
mb-change_cls_ctx,SwinV2-B,1.0,0.6904762077721812,0.0,7
mb-change_cls_ctx,ViT-L/16,0.05,0.6904762077721812,0.0,7
mb-change_cls_ctx,ViT-L/16,0.1,0.6654662051681235,0.046426182197419015,7
mb-change_cls_ctx,ViT-L/16,0.2,0.7514016734564397,0.0511866086205977,7
mb-change_cls_ctx,ViT-L/16,0.25,0.7240412802779874,0.03619439806156642,7
mb-change_cls_ctx,ViT-L/16,0.5,0.7336134456666041,0.07239691133097036,7
mb-change_cls_ctx,ViT-L/16,1.0,0.6904762077721812,0.0,7
mb-change_cls_hirise,InceptionV3,0.01,0.7994818458585163,0.13510495389482935,7
mb-change_cls_hirise,InceptionV3,0.02,0.7217754893916056,0.32037785688758735,7
mb-change_cls_hirise,InceptionV3,0.05,0.8838169045869374,0.028471044448672406,7
mb-change_cls_hirise,InceptionV3,0.1,0.8982628392318851,0.018715379000854154,7
mb-change_cls_hirise,InceptionV3,0.2,0.9197292250933579,0.02387269313156311,7
mb-change_cls_hirise,InceptionV3,0.25,0.9259273462980779,0.028225523013171116,7
mb-change_cls_hirise,InceptionV3,0.5,0.9564809974440445,0.010138431026982348,7
mb-change_cls_hirise,InceptionV3,1.0,0.9597814225796801,0.004025579867589933,7
mb-change_cls_hirise,ResNet101,0.01,0.9006607527607395,0.02548180887323948,7
mb-change_cls_hirise,ResNet101,0.02,0.871770240362676,0.01805685805500382,7
mb-change_cls_hirise,ResNet101,0.05,0.8956131508528067,0.03385123094805314,7
mb-change_cls_hirise,ResNet101,0.1,0.9187782938727767,0.01025262430997454,7
mb-change_cls_hirise,ResNet101,0.2,0.9598955264704604,0.013665812711764,7
mb-change_cls_hirise,ResNet101,0.25,0.9752262974206918,0.0052115935660590074,7
mb-change_cls_hirise,ResNet101,0.5,0.982641336352775,0.004092444865470126,7
mb-change_cls_hirise,ResNet101,1.0,0.9844393965687779,0.006471799340285272,7
mb-change_cls_hirise,SqueezeNet1.1,0.01,0.7520995580103397,0.1548000392758654,7
mb-change_cls_hirise,SqueezeNet1.1,0.02,0.6164308352954705,0.2756915286666019,7
mb-change_cls_hirise,SqueezeNet1.1,0.05,0.7870641252796806,0.11230414369210734,7
mb-change_cls_hirise,SqueezeNet1.1,0.1,0.9003193873419135,0.025329552273060774,7
mb-change_cls_hirise,SqueezeNet1.1,0.2,0.9301549570472322,0.005778806060873477,7
mb-change_cls_hirise,SqueezeNet1.1,0.25,0.9404502488468207,0.006561772339985621,7
mb-change_cls_hirise,SqueezeNet1.1,0.5,0.9343258104393547,0.011384138444100906,7
mb-change_cls_hirise,SqueezeNet1.1,1.0,0.9210111843594648,0.013590177811345722,7
mb-change_cls_hirise,SwinV2-B,0.01,0.9346952242406587,0.0030077245017450295,7
mb-change_cls_hirise,SwinV2-B,0.02,0.9353860071601042,0.0018531827613085467,7
mb-change_cls_hirise,SwinV2-B,0.05,0.940321558368845,0.005660901159985111,7
mb-change_cls_hirise,SwinV2-B,0.1,0.94993258390055,0.011742416587365788,7
mb-change_cls_hirise,SwinV2-B,0.2,0.9616017822417141,0.008038640064724774,7
mb-change_cls_hirise,SwinV2-B,0.25,0.9802652223624346,0.0038036414352317152,7
mb-change_cls_hirise,SwinV2-B,0.5,0.9895063698929987,0.00391173537949734,7
mb-change_cls_hirise,SwinV2-B,1.0,0.9972292982941016,0.002096796218838169,7
mb-change_cls_hirise,ViT-L/16,0.01,0.958846541961166,0.0057817975628181905,7
mb-change_cls_hirise,ViT-L/16,0.02,0.9614429187743128,0.006051620104902936,7
mb-change_cls_hirise,ViT-L/16,0.05,0.9602476220470645,0.0019475242849647414,7
mb-change_cls_hirise,ViT-L/16,0.1,0.9658449615392584,0.006030763564528045,7
mb-change_cls_hirise,ViT-L/16,0.2,0.9763412161607248,0.007352133546544415,7
mb-change_cls_hirise,ViT-L/16,0.25,0.9823119508605196,0.004815275213807617,7
mb-change_cls_hirise,ViT-L/16,0.5,0.9884655624423768,0.0011167729058730808,7
mb-change_cls_hirise,ViT-L/16,1.0,0.9944541509820686,0.0026315850622449697,7
mb-domars16k,InceptionV3,0.01,0.02735875851238063,0.021176190139280217,7
mb-domars16k,InceptionV3,0.02,0.18506261133768617,0.01511385714225641,7
mb-domars16k,InceptionV3,0.05,0.3587510238592941,0.01969218532002413,7
mb-domars16k,InceptionV3,0.1,0.4855148207029013,0.02726601197769052,7
mb-domars16k,InceptionV3,0.2,0.5958349601267328,0.021415091779724428,7
mb-domars16k,InceptionV3,0.25,0.6082712583576088,0.02042628989579044,7
mb-domars16k,InceptionV3,0.5,0.6318734285256864,0.029178227302192848,7
mb-domars16k,InceptionV3,1.0,0.7021667184915598,0.013522945874417443,7
mb-domars16k,ResNet101,0.01,0.09135755429326661,0.021651445628791417,7
mb-domars16k,ResNet101,0.02,0.2787865924432547,0.02592873545647864,7
mb-domars16k,ResNet101,0.05,0.47912151588434326,0.023377622166201525,7
mb-domars16k,ResNet101,0.1,0.5958267146429465,0.02215906698521148,7
mb-domars16k,ResNet101,0.2,0.689298978700861,0.021247370968323215,7
mb-domars16k,ResNet101,0.25,0.698092773641789,0.026917297993017956,7
mb-domars16k,ResNet101,0.5,0.7532305940646682,0.016285677425427067,7
mb-domars16k,ResNet101,1.0,0.7983897300093382,0.006448181488266496,7
mb-domars16k,SqueezeNet1.1,0.01,0.03832144010158868,0.02516683153319053,7
mb-domars16k,SqueezeNet1.1,0.02,0.218255225352316,0.020160950577619168,7
mb-domars16k,SqueezeNet1.1,0.05,0.444543255078015,0.024964500650157567,7
mb-domars16k,SqueezeNet1.1,0.1,0.5635252617021933,0.017863062224789738,7
mb-domars16k,SqueezeNet1.1,0.2,0.6654091087345735,0.024327253522128056,7
mb-domars16k,SqueezeNet1.1,0.25,0.6827793963256934,0.018603338432545004,7
mb-domars16k,SqueezeNet1.1,0.5,0.7282641883283636,0.031572566548877426,7
mb-domars16k,SqueezeNet1.1,1.0,0.8121431699305536,0.007116822736153397,7
mb-domars16k,SwinV2-B,0.01,0.21335513709590168,0.010291830929961,7
mb-domars16k,SwinV2-B,0.02,0.43698130838039073,0.01724822074290652,7
mb-domars16k,SwinV2-B,0.05,0.6177649732173169,0.01740427466388699,7
mb-domars16k,SwinV2-B,0.1,0.7492599205200244,0.024049478939162754,7
mb-domars16k,SwinV2-B,0.2,0.8192677545406528,0.01255544148986458,7
mb-domars16k,SwinV2-B,0.25,0.8481622546840161,0.012712281672461249,7
mb-domars16k,SwinV2-B,0.5,0.9073898350649119,0.006797317957673148,7
mb-domars16k,SwinV2-B,1.0,0.9447095435067681,0.008604942727885432,7
mb-domars16k,ViT-L/16,0.01,0.3166930819525933,0.01540893154772718,7
mb-domars16k,ViT-L/16,0.02,0.5183702890509762,0.010663136314545468,7
mb-domars16k,ViT-L/16,0.05,0.6971962597620446,0.012896525152275743,7
mb-domars16k,ViT-L/16,0.1,0.7596055695782848,0.011692226190914656,7
mb-domars16k,ViT-L/16,0.2,0.8481898838132935,0.011098374085142344,7
mb-domars16k,ViT-L/16,0.25,0.8588632976106535,0.009694025982223155,7
mb-domars16k,ViT-L/16,0.5,0.9300150911277351,0.012555164119093836,7
mb-domars16k,ViT-L/16,1.0,0.9919701964420279,0.009259767830661703,7
mb-frost_cls,InceptionV3,0.01,0.5830466264674309,0.06681899439336657,7
mb-frost_cls,InceptionV3,0.02,0.5902375996769048,0.0614280927780829,7
mb-frost_cls,InceptionV3,0.05,0.6320711315991662,0.08647303021758734,7
mb-frost_cls,InceptionV3,0.1,0.66218630009455,0.054994534103107375,7
mb-frost_cls,InceptionV3,0.2,0.723911899294191,0.036362230627196006,7
mb-frost_cls,InceptionV3,0.25,0.7105519882563492,0.05676043459186642,7
mb-frost_cls,InceptionV3,0.5,0.7517678021736922,0.055482871155076725,7
mb-frost_cls,InceptionV3,1.0,0.726896312133239,0.03119333638017879,7
mb-frost_cls,ResNet101,0.01,0.39219985378188144,0.40024677234212114,7
mb-frost_cls,ResNet101,0.02,0.7662365442240845,0.014219369272638843,7
mb-frost_cls,ResNet101,0.05,0.7512058733504833,0.025652802478157922,7
mb-frost_cls,ResNet101,0.1,0.7277390932289934,0.020532543194631752,7
mb-frost_cls,ResNet101,0.2,0.7218313833378962,0.03530911813958558,7
mb-frost_cls,ResNet101,0.25,0.7475623071243234,0.00818332679980998,7
mb-frost_cls,ResNet101,0.5,0.7449571485818417,0.029167035860014404,7
mb-frost_cls,ResNet101,1.0,0.748893958446535,0.027126580287837578,7
mb-frost_cls,SqueezeNet1.1,0.01,0.3401472015782003,0.06667628248307847,7
mb-frost_cls,SqueezeNet1.1,0.02,0.4235323478291196,0.08738754052321396,7
mb-frost_cls,SqueezeNet1.1,0.05,0.48039957837956715,0.059193087312263006,7
mb-frost_cls,SqueezeNet1.1,0.1,0.5072063082257532,0.04196465011670418,7
mb-frost_cls,SqueezeNet1.1,0.2,0.49736218095666845,0.027458532910361065,7
mb-frost_cls,SqueezeNet1.1,0.25,0.5405152531828008,0.034335817202567745,7
mb-frost_cls,SqueezeNet1.1,0.5,0.49390555054138213,0.01078677547468323,7
mb-frost_cls,SqueezeNet1.1,1.0,0.5385368959089935,0.027811159919640185,7
mb-frost_cls,SwinV2-B,0.01,0.9302384597834854,0.030554284584891674,7
mb-frost_cls,SwinV2-B,0.02,0.9136062188733509,0.04929009504931613,7
mb-frost_cls,SwinV2-B,0.05,0.9395329935258198,0.02603445333130775,7
mb-frost_cls,SwinV2-B,0.1,0.8883408403891698,0.03319343654081691,7
mb-frost_cls,SwinV2-B,0.2,0.8515214382686537,0.02722060285337843,7
mb-frost_cls,SwinV2-B,0.25,0.8717481284972318,0.019547730844018927,7
mb-frost_cls,SwinV2-B,0.5,0.8831946668457898,0.045792509886549974,7
mb-frost_cls,SwinV2-B,1.0,0.8586525852903045,0.03633188219523949,7
mb-frost_cls,ViT-L/16,0.01,0.7314104138721846,0.1270886272789855,7
mb-frost_cls,ViT-L/16,0.02,0.7607906790462956,0.05432740493812086,7
mb-frost_cls,ViT-L/16,0.05,0.8049974098680911,0.047928619749905574,7
mb-frost_cls,ViT-L/16,0.1,0.7495629240012853,0.03504531236563162,7
mb-frost_cls,ViT-L/16,0.2,0.7656613829919475,0.010975732609214596,7
mb-frost_cls,ViT-L/16,0.25,0.7520886320206691,0.027150033635858585,7
mb-frost_cls,ViT-L/16,0.5,0.8103778979746508,0.02263898823857378,7
mb-frost_cls,ViT-L/16,1.0,0.7617000707429253,0.028155662430865654,7
mb-landmark_cls,InceptionV3,0.01,0.19916926329378384,0.17088470933570812,7
mb-landmark_cls,InceptionV3,0.02,0.5752506653331556,0.10797015811413081,7
mb-landmark_cls,InceptionV3,0.05,0.683960693314308,0.03351589116667816,7
mb-landmark_cls,InceptionV3,0.1,0.7535298501452931,0.023401113010735386,7
mb-landmark_cls,InceptionV3,0.2,0.8420065995943176,0.008509076104615215,7
mb-landmark_cls,InceptionV3,0.25,0.869471153999809,0.03844966553680467,7
mb-landmark_cls,InceptionV3,0.5,0.9370233315652159,0.016475595545737794,7
mb-landmark_cls,InceptionV3,1.0,0.9439578268709011,0.004943368976451787,7
mb-landmark_cls,ResNet101,0.01,0.2271023896497489,0.17265521313003745,7
mb-landmark_cls,ResNet101,0.02,0.6123698563588523,0.028748459520819416,7
mb-landmark_cls,ResNet101,0.05,0.6947321967035724,0.028987912490062696,7
mb-landmark_cls,ResNet101,0.1,0.7617406674904335,0.022279417772652063,7
mb-landmark_cls,ResNet101,0.2,0.8790666948019707,0.016291234714274034,7
mb-landmark_cls,ResNet101,0.25,0.9071080950986984,0.010763567202630397,7
mb-landmark_cls,ResNet101,0.5,0.9424569902567251,0.01478112471241214,7
mb-landmark_cls,ResNet101,1.0,0.9595139984739606,0.003118511271738901,7
mb-landmark_cls,SqueezeNet1.1,0.01,0.46958630828858705,0.12764668427611958,7
mb-landmark_cls,SqueezeNet1.1,0.02,0.657939195751189,0.047775293058726145,7
mb-landmark_cls,SqueezeNet1.1,0.05,0.6875010519492069,0.033618712024139366,7
mb-landmark_cls,SqueezeNet1.1,0.1,0.7804651111495049,0.012721149302631083,7
mb-landmark_cls,SqueezeNet1.1,0.2,0.8634096101330112,0.04693339368270198,7
mb-landmark_cls,SqueezeNet1.1,0.25,0.908073092074211,0.030730111263503057,7
mb-landmark_cls,SqueezeNet1.1,0.5,0.9610124943712087,0.008736950275383534,7
mb-landmark_cls,SqueezeNet1.1,1.0,0.9749530079678811,0.0031580137383780227,7
mb-landmark_cls,SwinV2-B,0.01,0.4504795192030969,0.27630784160189426,7
mb-landmark_cls,SwinV2-B,0.02,0.7587899169959135,0.03296074329054983,7
mb-landmark_cls,SwinV2-B,0.05,0.8055004675846122,0.015983034354580396,7
mb-landmark_cls,SwinV2-B,0.1,0.8748805313953846,0.012200269879395289,7
mb-landmark_cls,SwinV2-B,0.2,0.9259093647781037,0.004900444614509569,7
mb-landmark_cls,SwinV2-B,0.25,0.9466840045155901,0.005061404306468164,7
mb-landmark_cls,SwinV2-B,0.5,0.976267393366842,0.004153505889223905,7
mb-landmark_cls,SwinV2-B,1.0,0.9876807193952607,0.00309958917622393,7
mb-landmark_cls,ViT-L/16,0.01,0.6381590547637744,0.09513459494752968,7
mb-landmark_cls,ViT-L/16,0.02,0.855423142249779,0.018682482929883587,7
mb-landmark_cls,ViT-L/16,0.05,0.8454450544864419,0.011372149116479506,7
mb-landmark_cls,ViT-L/16,0.1,0.896565923693268,0.008707104135914336,7
mb-landmark_cls,ViT-L/16,0.2,0.9417305618700196,0.011173015504719514,7
mb-landmark_cls,ViT-L/16,0.25,0.9640236858675666,0.008570480298720902,7
mb-landmark_cls,ViT-L/16,0.5,0.9909037894799356,0.0034407881582265458,7
mb-landmark_cls,ViT-L/16,1.0,0.993288368140912,0.003904687140233837,7
mb-surface_cls,InceptionV3,0.01,0.31984080848537183,0.15779645848026375,7
mb-surface_cls,InceptionV3,0.02,0.4707723945188752,0.02671290500200271,7
mb-surface_cls,InceptionV3,0.05,0.5845098948774309,0.01879938385848395,7
mb-surface_cls,InceptionV3,0.1,0.666691802668279,0.01912087132561052,7
mb-surface_cls,InceptionV3,0.2,0.7519144266358218,0.05375021964684922,7
mb-surface_cls,InceptionV3,0.25,0.7451028773518656,0.0529591682483666,7
mb-surface_cls,InceptionV3,0.5,0.8525464265870193,0.033947330625167194,7
mb-surface_cls,InceptionV3,1.0,0.9564518947026182,0.011705233361801123,7
mb-surface_cls,ResNet101,0.01,0.5496324620842661,0.022012298362530828,7
mb-surface_cls,ResNet101,0.02,0.5784243049425429,0.02444611933508309,7
mb-surface_cls,ResNet101,0.05,0.649722524915885,0.022439396817266838,7
mb-surface_cls,ResNet101,0.1,0.6952005671034477,0.017635381819729103,7
mb-surface_cls,ResNet101,0.2,0.7930390248004829,0.015002724207035833,7
mb-surface_cls,ResNet101,0.25,0.8091594094286637,0.018174485998064784,7
mb-surface_cls,ResNet101,0.5,0.8932292739413901,0.01137764010248652,7
mb-surface_cls,ResNet101,1.0,0.9699760614933156,0.008055211998926006,7
mb-surface_cls,SqueezeNet1.1,0.01,0.5522491671562679,0.09844990464055073,7
mb-surface_cls,SqueezeNet1.1,0.02,0.4990592622975827,0.05076926680188337,7
mb-surface_cls,SqueezeNet1.1,0.05,0.5857404456888228,0.04299370800594504,7
mb-surface_cls,SqueezeNet1.1,0.1,0.7067378661311194,0.018362970475938597,7
mb-surface_cls,SqueezeNet1.1,0.2,0.7444642168462422,0.042743469791793866,7
mb-surface_cls,SqueezeNet1.1,0.25,0.7970311117461186,0.02706377306031881,7
mb-surface_cls,SqueezeNet1.1,0.5,0.8606095841587373,0.028695249910308872,7
mb-surface_cls,SqueezeNet1.1,1.0,0.9667075077768709,0.008433980456315538,7
mb-surface_cls,SwinV2-B,0.01,0.5858665468982522,0.07308741294716291,7
mb-surface_cls,SwinV2-B,0.02,0.5537326046767402,0.024137273864415006,7
mb-surface_cls,SwinV2-B,0.05,0.6396634897598877,0.058517514725023874,7
mb-surface_cls,SwinV2-B,0.1,0.7162655810340091,0.018631033404115413,7
mb-surface_cls,SwinV2-B,0.2,0.7985425014853471,0.010265697739695526,7
mb-surface_cls,SwinV2-B,0.25,0.8138469114961954,0.015205132751585007,7
mb-surface_cls,SwinV2-B,0.5,0.9043936244301605,0.014786703771169061,7
mb-surface_cls,SwinV2-B,1.0,0.99170025426812,0.002668211778268674,7
mb-surface_cls,ViT-L/16,0.01,0.5807577553348643,0.027167680682968102,7
mb-surface_cls,ViT-L/16,0.02,0.6073076871700326,0.019200802699199694,7
mb-surface_cls,ViT-L/16,0.05,0.6409641181108096,0.037147019286914114,7
mb-surface_cls,ViT-L/16,0.1,0.7535786515592804,0.0253233229096739,7
mb-surface_cls,ViT-L/16,0.2,0.8161981430662493,0.011487259526873753,7
mb-surface_cls,ViT-L/16,0.25,0.8135112464063472,0.02452095059029003,7
mb-surface_cls,ViT-L/16,0.5,0.9140413907948369,0.009644302250751746,7
mb-surface_cls,ViT-L/16,1.0,0.9924016413774062,0.004531706357389615,7
mb-surface_multi_label_cls,InceptionV3,0.01,0.16089950306947337,0.07802982848389504,7
mb-surface_multi_label_cls,InceptionV3,0.02,0.07085798601313202,0.04579360739777973,7
mb-surface_multi_label_cls,InceptionV3,0.05,0.10779533906662557,0.04613840345493282,7
mb-surface_multi_label_cls,InceptionV3,0.1,0.5614699682436787,0.024426124392447617,7
mb-surface_multi_label_cls,InceptionV3,0.2,0.6803855325258041,0.02829902138721853,7
mb-surface_multi_label_cls,InceptionV3,0.25,0.7232616205102688,0.008199075296669562,7
mb-surface_multi_label_cls,InceptionV3,0.5,0.8054158730575385,0.01427586097572052,7
mb-surface_multi_label_cls,InceptionV3,1.0,0.8428446051610065,0.013201245355878601,7
mb-surface_multi_label_cls,ResNet101,0.01,0.41812629674566487,0.038409057530926445,7
mb-surface_multi_label_cls,ResNet101,0.02,0.3313778304429854,0.0499904977224072,7
mb-surface_multi_label_cls,ResNet101,0.05,0.5715803403218217,0.061822891888291806,7
mb-surface_multi_label_cls,ResNet101,0.1,0.6995252876078609,0.042417145402828774,7
mb-surface_multi_label_cls,ResNet101,0.2,0.7411670891345823,0.01581232449872655,7
mb-surface_multi_label_cls,ResNet101,0.25,0.7851811279304368,0.019181064513556122,7
mb-surface_multi_label_cls,ResNet101,0.5,0.8668788917654849,0.0152978686308978,7
mb-surface_multi_label_cls,ResNet101,1.0,0.8980714039729253,0.009127348320290104,7
mb-surface_multi_label_cls,SqueezeNet1.1,0.01,0.721388363982688,0.12246027979691508,7
mb-surface_multi_label_cls,SqueezeNet1.1,0.02,0.28546688428020317,0.13200376063002575,7
mb-surface_multi_label_cls,SqueezeNet1.1,0.05,0.3495094341068459,0.07036229089388575,7
mb-surface_multi_label_cls,SqueezeNet1.1,0.1,0.41994067582828787,0.08335588420976099,7
mb-surface_multi_label_cls,SqueezeNet1.1,0.2,0.4581538087552167,0.03535828560385389,7
mb-surface_multi_label_cls,SqueezeNet1.1,0.25,0.4872516371455416,0.0651716185051446,7
mb-surface_multi_label_cls,SqueezeNet1.1,0.5,0.5723996518629056,0.049686318002245766,7
mb-surface_multi_label_cls,SqueezeNet1.1,1.0,0.59160719039319,0.05947085146145724,7
mb-surface_multi_label_cls,SwinV2-B,0.01,0.5074273621685943,0.08597368072821172,7
mb-surface_multi_label_cls,SwinV2-B,0.02,0.6068097787345267,0.06779060891391023,7
mb-surface_multi_label_cls,SwinV2-B,0.05,0.760780085182151,0.017205428107010118,7
mb-surface_multi_label_cls,SwinV2-B,0.1,0.8548422143576756,0.010397913396046139,7
mb-surface_multi_label_cls,SwinV2-B,0.2,0.9343277229045245,0.008911861557370808,7
mb-surface_multi_label_cls,SwinV2-B,0.25,0.9168259998883999,0.004839598349801916,7
mb-surface_multi_label_cls,SwinV2-B,0.5,0.9743094209659056,0.006237904829266946,7
mb-surface_multi_label_cls,SwinV2-B,1.0,0.9889673572766101,0.005971290566492915,7
mb-surface_multi_label_cls,ViT-L/16,0.01,0.5858294768165323,0.06195274432395649,7
mb-surface_multi_label_cls,ViT-L/16,0.02,0.590920612946606,0.05408534290941511,7
mb-surface_multi_label_cls,ViT-L/16,0.05,0.7946824272083006,0.03046846569907696,7
mb-surface_multi_label_cls,ViT-L/16,0.1,0.7948993709263952,0.02093345406260368,7
mb-surface_multi_label_cls,ViT-L/16,0.2,0.9397991474122068,0.00917655065506124,7
mb-surface_multi_label_cls,ViT-L/16,0.25,0.9418947075637403,0.004481264009284271,7
mb-surface_multi_label_cls,ViT-L/16,0.5,0.9746295275868648,0.005262294799808543,7
mb-surface_multi_label_cls,ViT-L/16,1.0,0.9938736887438676,0.005925659688346529,7
