dataset,model,few_shot,mean,std,count
mb-atmospheric_dust_cls_edr,InceptionV3,1,0.1859448049007177,0.11965358630341646,7
mb-atmospheric_dust_cls_edr,InceptionV3,2,0.6529433030223536,0.1489754784950261,7
mb-atmospheric_dust_cls_edr,InceptionV3,5,0.7985797068685052,0.05126303475345596,7
mb-atmospheric_dust_cls_edr,InceptionV3,10,0.8718284930622605,0.04098528494452952,7
mb-atmospheric_dust_cls_edr,InceptionV3,15,0.9071624166382112,0.03151733446871341,7
mb-atmospheric_dust_cls_edr,InceptionV3,20,0.9123224767261787,0.023471174601894525,7
mb-atmospheric_dust_cls_edr,ResNet101,1,0.5088902264228141,0.20223606420181406,7
mb-atmospheric_dust_cls_edr,ResNet101,2,0.5455701753307174,0.07858043443250848,7
mb-atmospheric_dust_cls_edr,ResNet101,5,0.7446951418983103,0.1313156541893998,7
mb-atmospheric_dust_cls_edr,ResNet101,10,0.8049832225728337,0.08000890132971454,7
mb-atmospheric_dust_cls_edr,ResNet101,15,0.792269550592522,0.04174123699632147,7
mb-atmospheric_dust_cls_edr,ResNet101,20,0.7175469580279321,0.036303908096241636,7
mb-atmospheric_dust_cls_edr,SqueezeNet1.1,1,0.849524345476083,0.05742117794114265,7
mb-atmospheric_dust_cls_edr,SqueezeNet1.1,2,0.8353222162180831,0.04771182266602176,7
mb-atmospheric_dust_cls_edr,SqueezeNet1.1,5,0.9121161876800414,0.019492915823443563,7
mb-atmospheric_dust_cls_edr,SqueezeNet1.1,10,0.948371581111965,0.015683988289092773,7
mb-atmospheric_dust_cls_edr,SqueezeNet1.1,15,0.9814474871395513,0.011215633694796815,7
mb-atmospheric_dust_cls_edr,SqueezeNet1.1,20,0.9732492487132598,0.006614905109299978,7
mb-atmospheric_dust_cls_edr,SwinV2-B,1,0.8769581284567983,0.03916629859933375,7
mb-atmospheric_dust_cls_edr,SwinV2-B,2,0.9218010119178173,0.02504067065608102,7
mb-atmospheric_dust_cls_edr,SwinV2-B,5,0.9467493407359264,0.013809257638537858,7
mb-atmospheric_dust_cls_edr,SwinV2-B,10,0.9863280704851917,0.005717899228695706,7
mb-atmospheric_dust_cls_edr,SwinV2-B,15,0.9888217992019425,0.006319970473111006,7
mb-atmospheric_dust_cls_edr,SwinV2-B,20,0.9889884800026348,0.005447498377582293,7
mb-atmospheric_dust_cls_edr,ViT-L/16,1,0.5874465977118704,0.07354946449364246,7
mb-atmospheric_dust_cls_edr,ViT-L/16,2,0.7842463343591461,0.018796855843296077,7
mb-atmospheric_dust_cls_edr,ViT-L/16,5,0.8754013626626662,0.019593506248892566,7
mb-atmospheric_dust_cls_edr,ViT-L/16,10,0.948786311390374,0.006347424116618841,7
mb-atmospheric_dust_cls_edr,ViT-L/16,15,0.9689440610196366,0.0029186375860348513,7
mb-atmospheric_dust_cls_edr,ViT-L/16,20,0.9696119472049757,0.0036203604473705455,7
mb-atmospheric_dust_cls_rdr,InceptionV3,1,0.2094517021732969,0.12703562291752088,7
mb-atmospheric_dust_cls_rdr,InceptionV3,2,0.2826177167571333,0.16295693554274066,7
mb-atmospheric_dust_cls_rdr,InceptionV3,5,0.45100120015252615,0.08559177433219647,7
mb-atmospheric_dust_cls_rdr,InceptionV3,10,0.7982907248150793,0.04466019809210938,7
mb-atmospheric_dust_cls_rdr,InceptionV3,15,0.9294445646649121,0.01619711658451567,7
mb-atmospheric_dust_cls_rdr,InceptionV3,20,0.9135750995598503,0.03674422170269589,7
mb-atmospheric_dust_cls_rdr,ResNet101,1,0.46580698560340494,0.17606441412833582,7
mb-atmospheric_dust_cls_rdr,ResNet101,2,0.18290220806033422,0.15665569810542324,7
mb-atmospheric_dust_cls_rdr,ResNet101,5,0.5824334111957167,0.158446934836627,7
mb-atmospheric_dust_cls_rdr,ResNet101,10,0.6415468524387896,0.0852101620223316,7
mb-atmospheric_dust_cls_rdr,ResNet101,15,0.6889874010795098,0.07507623608253045,7
mb-atmospheric_dust_cls_rdr,ResNet101,20,0.753578011048725,0.07353461614818191,7
mb-atmospheric_dust_cls_rdr,SqueezeNet1.1,1,0.7788836257944275,0.05799799970463744,7
mb-atmospheric_dust_cls_rdr,SqueezeNet1.1,2,0.7674101184607599,0.09463226171325313,7
mb-atmospheric_dust_cls_rdr,SqueezeNet1.1,5,0.8931222324740963,0.06185606005972408,7
mb-atmospheric_dust_cls_rdr,SqueezeNet1.1,10,0.9282394683880925,0.005376155741343124,7
mb-atmospheric_dust_cls_rdr,SqueezeNet1.1,15,0.9331941333701993,0.006607918829442131,7
mb-atmospheric_dust_cls_rdr,SqueezeNet1.1,20,0.9242135313422956,0.005929203600935913,7
mb-atmospheric_dust_cls_rdr,SwinV2-B,1,0.8518116938541054,0.049102358249434944,7
mb-atmospheric_dust_cls_rdr,SwinV2-B,2,0.6267777141245227,0.07298275515762308,7
mb-atmospheric_dust_cls_rdr,SwinV2-B,5,0.9545856412462345,0.016363932073579543,7
mb-atmospheric_dust_cls_rdr,SwinV2-B,10,0.968909943407618,0.004976830695383092,7
mb-atmospheric_dust_cls_rdr,SwinV2-B,15,0.9776214279293748,0.00462855085893439,7
mb-atmospheric_dust_cls_rdr,SwinV2-B,20,0.9829565208661203,0.0029865371229576255,7
mb-atmospheric_dust_cls_rdr,ViT-L/16,1,0.8089680981415136,0.04693176794605704,7
mb-atmospheric_dust_cls_rdr,ViT-L/16,2,0.629980554707336,0.03863507058977979,7
mb-atmospheric_dust_cls_rdr,ViT-L/16,5,0.9645442058969236,0.006294202111369289,7
mb-atmospheric_dust_cls_rdr,ViT-L/16,10,0.9915201238604764,0.004340107072746021,7
mb-atmospheric_dust_cls_rdr,ViT-L/16,15,0.9915215943094032,0.002642442543465063,7
mb-atmospheric_dust_cls_rdr,ViT-L/16,20,0.9798401452154514,0.0031593969146233194,7
mb-change_cls_hirise,InceptionV3,1,0.3992329172219703,0.31449348514976255,7
mb-change_cls_hirise,InceptionV3,2,0.5331947532031788,0.2579097776101902,7
mb-change_cls_hirise,InceptionV3,5,0.746841070452005,0.11834861784828297,7
mb-change_cls_hirise,InceptionV3,10,0.6580052095598447,0.2323022374349947,7
mb-change_cls_hirise,InceptionV3,15,0.7854768920299194,0.16089069482047666,7
mb-change_cls_hirise,InceptionV3,20,0.9220367384584308,0.013078070909667769,7
mb-change_cls_hirise,ResNet101,1,0.5345520484265694,0.24409454379618356,7
mb-change_cls_hirise,ResNet101,2,0.7490236380827638,0.27160545932888824,7
mb-change_cls_hirise,ResNet101,5,0.879652484775612,0.05660989624754204,7
mb-change_cls_hirise,ResNet101,10,0.8983875088319874,0.04204795450802858,7
mb-change_cls_hirise,ResNet101,15,0.9319089146306101,0.019858211846936803,7
mb-change_cls_hirise,ResNet101,20,0.9419770562725944,0.016032193991173803,7
mb-change_cls_hirise,SqueezeNet1.1,1,0.618397121574992,0.14839670434760718,7
mb-change_cls_hirise,SqueezeNet1.1,2,0.8172148440323781,0.05145724035221894,7
mb-change_cls_hirise,SqueezeNet1.1,5,0.7968320828795276,0.06442885712216927,7
mb-change_cls_hirise,SqueezeNet1.1,10,0.7659867420958629,0.1540420980292797,7
mb-change_cls_hirise,SqueezeNet1.1,15,0.7904300607705635,0.10852095293580165,7
mb-change_cls_hirise,SqueezeNet1.1,20,0.8285273752508336,0.08631014902540167,7
mb-change_cls_hirise,SwinV2-B,1,0.699763877084497,0.03906656716971621,7
mb-change_cls_hirise,SwinV2-B,2,0.9800834615697853,0.014532030957933392,7
mb-change_cls_hirise,SwinV2-B,5,0.9542774002561073,0.009661984652327574,7
mb-change_cls_hirise,SwinV2-B,10,0.9583461067933194,0.005901423492172328,7
mb-change_cls_hirise,SwinV2-B,15,0.9584557890912435,0.002825769464910514,7
mb-change_cls_hirise,SwinV2-B,20,0.9617617336414254,0.0038521391277610787,7
mb-change_cls_hirise,ViT-L/16,1,0.5708044222915621,0.16550515359921847,7
mb-change_cls_hirise,ViT-L/16,2,0.9769941579076579,0.006639942901478569,7
mb-change_cls_hirise,ViT-L/16,5,0.9689566730737028,0.014585572693843077,7
mb-change_cls_hirise,ViT-L/16,10,0.9802263058944137,0.005093389129485545,7
mb-change_cls_hirise,ViT-L/16,15,0.9724939028629321,0.004601394859037981,7
mb-change_cls_hirise,ViT-L/16,20,0.974617484091391,0.0060586195838139975,7
mb-domars16k,InceptionV3,1,0.289718902163863,0.022043142624512204,7
mb-domars16k,InceptionV3,2,0.5483790330693527,0.025605815923059567,7
mb-domars16k,InceptionV3,5,0.6421957268480104,0.02654821877853644,7
mb-domars16k,InceptionV3,10,0.7962203017473696,0.014284267963364308,7
mb-domars16k,InceptionV3,15,0.8531660914736852,0.009802941775763135,7
mb-domars16k,InceptionV3,20,0.8714352428077117,0.006695748377286103,7
mb-domars16k,ResNet101,1,0.06777702157057912,0.03876342631132663,7
mb-domars16k,ResNet101,2,0.3828463569968025,0.18066252805867022,7
mb-domars16k,ResNet101,5,0.6571988120824246,0.015282867070568326,7
mb-domars16k,ResNet101,10,0.8094649523301282,0.01170904073044521,7
mb-domars16k,ResNet101,15,0.8654684793624254,0.006624975856379487,7
mb-domars16k,ResNet101,20,0.895888339378737,0.008540024781125307,7
mb-domars16k,SqueezeNet1.1,1,0.4120365573756844,0.025438824937330146,7
mb-domars16k,SqueezeNet1.1,2,0.5910575522559578,0.013761149746875158,7
mb-domars16k,SqueezeNet1.1,5,0.711348191333706,0.006922730583818136,7
mb-domars16k,SqueezeNet1.1,10,0.8250170063088248,0.013949165108851686,7
mb-domars16k,SqueezeNet1.1,15,0.8654375448790163,0.009740387975361087,7
mb-domars16k,SqueezeNet1.1,20,0.9018385218295405,0.00883875393288462,7
mb-domars16k,SwinV2-B,1,0.5343031818274083,0.0174750193816538,7
mb-domars16k,SwinV2-B,2,0.6720297946688164,0.00895182440231762,7
mb-domars16k,SwinV2-B,5,0.7659161328008742,0.01732249942463901,7
mb-domars16k,SwinV2-B,10,0.9044221498363355,0.010178926326447442,7
mb-domars16k,SwinV2-B,15,0.9429004010150408,0.006403458000866482,7
mb-domars16k,SwinV2-B,20,0.9678424489775235,0.0069877167923700365,7
mb-domars16k,ViT-L/16,1,0.5248790443600214,0.011730910910244096,7
mb-domars16k,ViT-L/16,2,0.6180950425388129,0.012005184436159541,7
mb-domars16k,ViT-L/16,5,0.7881493391004939,0.006324223328504432,7
mb-domars16k,ViT-L/16,10,0.9281528245898125,0.004659739089234126,7
mb-domars16k,ViT-L/16,15,0.9589652685384636,0.006447021062007442,7
mb-domars16k,ViT-L/16,20,0.9891339355376042,0.008987624925694396,7
mb-frost_cls,InceptionV3,1,,,0
mb-frost_cls,InceptionV3,2,,,0
mb-frost_cls,InceptionV3,5,,,0
mb-frost_cls,InceptionV3,10,,,0
mb-frost_cls,InceptionV3,15,,,0
mb-frost_cls,InceptionV3,20,,,0
mb-frost_cls,ResNet101,1,,,0
mb-frost_cls,ResNet101,2,,,0
mb-frost_cls,ResNet101,5,,,0
mb-frost_cls,ResNet101,10,,,0
mb-frost_cls,ResNet101,15,,,0
mb-frost_cls,ResNet101,20,,,0
mb-frost_cls,SqueezeNet1.1,1,,,0
mb-frost_cls,SqueezeNet1.1,2,,,0
mb-frost_cls,SqueezeNet1.1,5,,,0
mb-frost_cls,SqueezeNet1.1,10,,,0
mb-frost_cls,SqueezeNet1.1,15,,,0
mb-frost_cls,SqueezeNet1.1,20,,,0
mb-frost_cls,SwinV2-B,1,,,0
mb-frost_cls,SwinV2-B,2,,,0
mb-frost_cls,SwinV2-B,5,,,0
mb-frost_cls,SwinV2-B,10,,,0
mb-frost_cls,SwinV2-B,15,,,0
mb-frost_cls,SwinV2-B,20,,,0
mb-frost_cls,ViT-L/16,1,,,0
mb-frost_cls,ViT-L/16,2,,,0
mb-frost_cls,ViT-L/16,5,,,0
mb-frost_cls,ViT-L/16,10,,,0
mb-frost_cls,ViT-L/16,15,,,0
mb-frost_cls,ViT-L/16,20,,,0
mb-landmark_cls,InceptionV3,1,0.4480675406106086,0.12410802982829153,7
mb-landmark_cls,InceptionV3,2,0.48883747050820264,0.12017182389443287,7
mb-landmark_cls,InceptionV3,5,0.6626055599955629,0.02940306505270947,7
mb-landmark_cls,InceptionV3,10,0.579184000342091,0.20975130396961164,7
mb-landmark_cls,InceptionV3,15,0.6714189818310853,0.030372110321689717,7
mb-landmark_cls,InceptionV3,20,0.7013137994075948,0.022939188087113472,7
mb-landmark_cls,ResNet101,1,0.24305355944668958,0.06550099538088902,7
mb-landmark_cls,ResNet101,2,0.16218533157136442,0.0559845539429172,7
mb-landmark_cls,ResNet101,5,0.5036116895699776,0.0855186224855486,7
mb-landmark_cls,ResNet101,10,0.48037013350177815,0.1446424721473365,7
mb-landmark_cls,ResNet101,15,0.5584021252201197,0.05764081446739972,7
mb-landmark_cls,ResNet101,20,0.6663497818811577,0.04411550926451109,7
mb-landmark_cls,SqueezeNet1.1,1,0.3537008886489917,0.26394179006620166,7
mb-landmark_cls,SqueezeNet1.1,2,0.3759440667511278,0.0795419191508816,7
mb-landmark_cls,SqueezeNet1.1,5,0.4929828173249879,0.08132698411574231,7
mb-landmark_cls,SqueezeNet1.1,10,0.6590737237219982,0.05360835213805465,7
mb-landmark_cls,SqueezeNet1.1,15,0.726953473675,0.04675312354715204,7
mb-landmark_cls,SqueezeNet1.1,20,0.6966888376805641,0.03358765061677302,7
mb-landmark_cls,SwinV2-B,1,0.5677613377587384,0.09627660088101593,7
mb-landmark_cls,SwinV2-B,2,0.7513513411029239,0.0383118338483194,7
mb-landmark_cls,SwinV2-B,5,0.5526717729573964,0.05701373553929079,7
mb-landmark_cls,SwinV2-B,10,0.6933311732130168,0.05339413375984656,7
mb-landmark_cls,SwinV2-B,15,0.8460307703933163,0.019040588242676806,7
mb-landmark_cls,SwinV2-B,20,0.7776031455461994,0.023931482528084042,7
mb-landmark_cls,ViT-L/16,1,0.8451397841887036,0.03847057006812866,7
mb-landmark_cls,ViT-L/16,2,0.9172842636382972,0.04027674527929666,7
mb-landmark_cls,ViT-L/16,5,0.8551557624181827,0.010732765161423435,7
mb-landmark_cls,ViT-L/16,10,0.8695375643206685,0.022254691542832793,7
mb-landmark_cls,ViT-L/16,15,0.919207546381008,0.018456546285826325,7
mb-landmark_cls,ViT-L/16,20,0.8593532576584216,0.023463983963851607,7
mb-surface_cls,InceptionV3,1,0.24579526376302244,0.043484904430116454,7
mb-surface_cls,InceptionV3,2,0.20953061434467127,0.058937553357339856,7
mb-surface_cls,InceptionV3,5,0.591271959837403,0.03402642615220298,7
mb-surface_cls,InceptionV3,10,0.7407148287389905,0.038972096065859156,7
mb-surface_cls,InceptionV3,15,0.7876291623047765,0.036836619643082116,7
mb-surface_cls,InceptionV3,20,0.7988713047781274,0.039266927393144135,7
mb-surface_cls,ResNet101,1,0.26072238004870085,0.04244255311899906,7
mb-surface_cls,ResNet101,2,0.3218890196321805,0.055055033300789896,7
mb-surface_cls,ResNet101,5,0.607540265486003,0.024562743660936814,7
mb-surface_cls,ResNet101,10,0.7523889208261815,0.029281522300852222,7
mb-surface_cls,ResNet101,15,0.8535159828910472,0.03701455575199465,7
mb-surface_cls,ResNet101,20,0.9125195162262314,0.03202686922927182,7
mb-surface_cls,SqueezeNet1.1,1,0.21785560156521777,0.18319537622705837,7
mb-surface_cls,SqueezeNet1.1,2,0.21012982985770304,0.12172583976778055,7
mb-surface_cls,SqueezeNet1.1,5,0.6293583040317747,0.0635521807154503,7
mb-surface_cls,SqueezeNet1.1,10,0.7618787266601449,0.04739127091239398,7
mb-surface_cls,SqueezeNet1.1,15,0.8417053792925492,0.040876292974854615,7
mb-surface_cls,SqueezeNet1.1,20,0.8818330064297392,0.007167204617960611,7
mb-surface_cls,SwinV2-B,1,0.3887944912797582,0.03131683091217444,7
mb-surface_cls,SwinV2-B,2,0.4063991378564161,0.04927012247854077,7
mb-surface_cls,SwinV2-B,5,0.6408122873833723,0.01979002751769392,7
mb-surface_cls,SwinV2-B,10,0.8211512817832769,0.04291739731295977,7
mb-surface_cls,SwinV2-B,15,0.9105457847401076,0.02603433133381163,7
mb-surface_cls,SwinV2-B,20,0.9382803224178564,0.04448643270644147,7
mb-surface_cls,ViT-L/16,1,0.26725176217641045,0.041060176628726346,7
mb-surface_cls,ViT-L/16,2,0.4516087617240259,0.019826103057054484,7
mb-surface_cls,ViT-L/16,5,0.6191125710627443,0.015531384490007722,7
mb-surface_cls,ViT-L/16,10,0.8849798345938584,0.026379431001229563,7
mb-surface_cls,ViT-L/16,15,0.8947888001358787,0.023486442091105907,7
mb-surface_cls,ViT-L/16,20,0.9482723852748032,0.021902118790315707,7
mb-surface_multi_label_cls,InceptionV3,1,0.10351116847611327,0.022872559371993843,7
mb-surface_multi_label_cls,InceptionV3,2,0.19136901726452113,0.03810635225248973,7
mb-surface_multi_label_cls,InceptionV3,5,0.14183131677816804,0.1009606845493167,7
mb-surface_multi_label_cls,InceptionV3,10,0.21718590990079428,0.04221969606748813,7
mb-surface_multi_label_cls,InceptionV3,15,0.2800955920328248,0.008689609571982636,7
mb-surface_multi_label_cls,InceptionV3,20,0.384616508210402,0.17029259594275117,7
mb-surface_multi_label_cls,ResNet101,1,0.461349947888324,0.03166243658562683,7
mb-surface_multi_label_cls,ResNet101,2,0.5085466311247078,0.05097826713660327,7
mb-surface_multi_label_cls,ResNet101,5,0.36086471360661987,0.09135709853277786,7
mb-surface_multi_label_cls,ResNet101,10,0.8488867428302181,0.0068871814497987885,7
mb-surface_multi_label_cls,ResNet101,15,0.8605059893738652,0.01073498463167272,7
mb-surface_multi_label_cls,ResNet101,20,0.9035240128968515,0.00977173853221866,7
mb-surface_multi_label_cls,SqueezeNet1.1,1,0.45960677389082827,0.05756348867178062,7
mb-surface_multi_label_cls,SqueezeNet1.1,2,0.48249293204944943,0.09127249594925671,7
mb-surface_multi_label_cls,SqueezeNet1.1,5,0.5232576609995399,0.06782385358002832,7
mb-surface_multi_label_cls,SqueezeNet1.1,10,0.44158813200386327,0.09970352673309368,7
mb-surface_multi_label_cls,SqueezeNet1.1,15,0.5169506957604801,0.1100734536260902,7
mb-surface_multi_label_cls,SqueezeNet1.1,20,0.5304598052170835,0.11977781229570117,7
mb-surface_multi_label_cls,SwinV2-B,1,0.7187339496156848,0.00935747645100458,7
mb-surface_multi_label_cls,SwinV2-B,2,0.7625553252948271,0.017927707700139215,7
mb-surface_multi_label_cls,SwinV2-B,5,0.7899458057216832,0.03689576399421752,7
mb-surface_multi_label_cls,SwinV2-B,10,0.9461385504959682,0.014333916492574162,7
mb-surface_multi_label_cls,SwinV2-B,15,0.9737229037977567,0.010338876959442862,7
mb-surface_multi_label_cls,SwinV2-B,20,0.9892751829027414,0.007952643671408155,7
mb-surface_multi_label_cls,ViT-L/16,1,0.5448637645892995,0.019316475422302807,7
mb-surface_multi_label_cls,ViT-L/16,2,0.7419378911015055,0.024446060578390966,7
mb-surface_multi_label_cls,ViT-L/16,5,0.8116299337744518,0.020488736261970123,7
mb-surface_multi_label_cls,ViT-L/16,10,0.965800642049193,0.00481263112790285,7
mb-surface_multi_label_cls,ViT-L/16,15,0.9798565260287908,0.0035009780277303415,7
mb-surface_multi_label_cls,ViT-L/16,20,0.9856676483648051,0.005664163523170099,7
